linea,hora,dia,clima,estaciones_recorridas,pasajeros_hora,nivel_demanda
F,6,laboral,soleado,8,420,media
F,7,laboral,soleado,8,760,alta
F,8,laboral,lluvia,10,910,alta
F,10,laboral,soleado,6,280,baja
F,12,laboral,nublado,7,390,media
F,14,laboral,soleado,5,250,baja
F,17,laboral,lluvia,9,880,alta
F,18,laboral,soleado,10,950,alta
F,20,laboral,nublado,6,430,media
F,22,laboral,soleado,5,190,baja
F,7,sabado,soleado,7,360,media
F,9,sabado,nublado,8,470,media
F,11,sabado,soleado,6,260,baja
F,15,sabado,lluvia,9,510,media
F,18,sabado,soleado,8,620,alta
F,21,sabado,nublado,5,220,baja
B,6,laboral,soleado,7,390,media
B,7,laboral,lluvia,9,820,alta
B,8,laboral,soleado,10,930,alta
B,10,laboral,nublado,6,300,baja
B,12,laboral,soleado,8,410,media
B,14,laboral,soleado,5,230,baja
B,17,laboral,nublado,9,790,alta
B,18,laboral,lluvia,10,970,alta
B,20,laboral,soleado,6,400,media
B,22,laboral,nublado,5,180,baja
B,7,sabado,soleado,7,340,media
B,9,sabado,lluvia,8,540,media
B,11,sabado,soleado,6,240,baja
B,15,sabado,nublado,9,490,media
B,18,sabado,soleado,8,650,alta
B,21,sabado,soleado,5,200,baja
J,6,laboral,nublado,6,350,media
J,8,laboral,lluvia,8,860,alta
J,10,laboral,soleado,5,210,baja
J,13,laboral,soleado,7,380,media
J,17,laboral,soleado,9,840,alta
J,19,laboral,lluvia,8,780,alta
J,21,laboral,nublado,5,240,baja
J,9,sabado,soleado,6,290,baja
J,14,sabado,nublado,7,430,media
J,18,sabado,soleado,8,610,alta
